Title,Takeaway,Authors,Year,Citations,Abstract,Study Type,Journal,Journal SJR Quartile,DOI,Consensus Link
Defending Against Data Poisoning Attack in Federated Learning With Non-IID Data,"FL data augmentation (FLDA) effectively reduces data poisoning success rate and improves global model training accuracy in federated learning with non-IID data, increasing accuracy by over 12% after detecting malicious clients.","Chunyong Yin, Qingkui Zeng",2024,34,"Federated learning (FL) is an emerging paradigm that allows participants to collaboratively train deep learning tasks while protecting the privacy of their local data. However, the absence of central server control in distributed environments exposes a vulnerability to data poisoning attacks, where adversaries manipulate the behavior of compromised clients by poisoning local data. In particular, data poisoning attacks against FL can have a drastic impact when the participant’s local data is non-independent and identically distributed (non-IID). Most existing defense strategies have demonstrated promising results in mitigating FL poisoning attacks, however, fail to maintain their effectiveness with non-IID data. In this work, we propose an effective defense framework, FL data augmentation (FLDA), which defends against data poisoning attacks through local data mixup on the clients. In addition, to mitigate the non-IID effect by exploiting the limited local data, we propose a gradient detection strategy to reduce the proportion of malicious clients and raise benign clients. Experimental results on datasets show that FLDA can effectively reduce the poisoning success rate and improve the global model training accuracy under poisoning attacks for non-IID data. Furthermore, FLDA can increase the FL accuracy by more than 12% after detecting malicious clients.","theoretical, modeling, or simulation study",IEEE Transactions on Computational Social Systems,1,10.1109/tcss.2023.3296885,https://consensus.app/papers/defending-against-data-poisoning-attack-in-federated-yin-zeng/90b14c13778b55ceaed24e4cc36cc91a/
DeMAC: Towards detecting model poisoning attacks in federated learning system,"DeMAC effectively detects and defends against model poisoning attacks in federated learning systems by measuring GradScores of malicious and benign clients, reducing attack success rates and eliminating model poisoning attacks in heterogeneous environments.","Han Yang, Dongbing Gu, Jianhua He",2023,8,,"theoretical, modeling, or simulation study",Internet Things,1,10.1016/j.iot.2023.100875,https://consensus.app/papers/demac-towards-detecting-model-poisoning-attacks-in-yang-gu/09a7847716045bdd98701bffaf0af6cd/
Shielding Collaborative Learning: Mitigating Poisoning Attacks Through Client-Side Detection,"Our novel defense scheme, based on client-side cross-validation and differential privacy, effectively detects anomalous updates in collaborative learning, protecting client-level privacy and performance.","Lingchen Zhao, Shengshan Hu, Jianlin Jiang, Chao Shen, Xiangyang Luo, Pengfei Hu",2019,117,"Collaborative learning allows multiple clients to train a joint model without sharing their data with each other. Each client performs training locally and then submits the model updates to a central server for aggregation. Since the server has no visibility into the process of generating the updates, collaborative learning is vulnerable to poisoning attacks where a malicious client can generate a poisoned update to introduce backdoor functionality to the joint model. The existing solutions for detecting poisoned updates, however, fail to defend against the recently proposed attacks, especially in the non-IID (independent and identically distributed) setting. In this article, we present a novel defense scheme to detect anomalous updates in both IID and non-IID settings. Our key idea is to realize client-side cross-validation, where each update is evaluated over other clients’ local data. The server will adjust the weights of the updates based on the evaluation results when performing aggregation. To adapt to the unbalanced distribution of data in the non-IID setting, a dynamic client allocation mechanism is designed to assign detection tasks to the most suitable clients. During the detection process, we also protect the client-level privacy to prevent malicious clients from knowing the participations of other clients, by integrating differential privacy with our design without degrading the detection performance. Our experimental evaluations on three real-world datasets show that our scheme is significantly robust to two representative poisoning attacks.","theoretical, modeling, or simulation study",IEEE Transactions on Dependable and Secure Computing,1,10.1109/tdsc.2020.2986205,https://consensus.app/papers/shielding-collaborative-learning-mitigating-poisoning-zhao-hu/956365c3721a529997a94408a3c68dee/
SecureFed: A Two-Phase Framework for Detecting Malicious Clients in Federated Learning,SecureFed effectively detects and reduces the impact of malicious clients in Federated Learning models without compromising model performance.,"Likhitha Annapurna Kavuri, Akshay Mhatre, Akarsh K. Nair, Deepti Gupta",2025,5,"Federated Learning (FL) protects data privacy while providing a decentralized method for training models. However, because of the distributed schema, it is susceptible to adversarial clients that could alter results or sabotage model performance. This study presents SecureFed, a two-phase FL framework for identifying and reducing the impact of such attackers. Phase 1 involves collecting model updates from participating clients and applying a dimensionality reduction approach to identify outlier patterns frequently associated with malicious behavior. Temporary models constructed from the client updates are evaluated on synthetic datasets to compute validation losses and support anomaly scoring. The idea of learning zones is presented in Phase 2, where weights are dynamically routed according to their contribution scores and gradient magnitudes. High-value gradient zones are given greater weight in aggregation and contribute more significantly to the global model, while lower-value gradient zones, which may indicate possible adversarial activity, are gradually removed from training. Until the model converges and a strong defense against poisoning attacks is possible, this training cycle continues Based on the experimental findings, SecureFed considerably improves model resilience without compromising model performance.",,2025 IEEE International Conference on Information Reuse and Integration and Data Science (IRI),,10.1109/iri66576.2025.00043,https://consensus.app/papers/securefed-a-twophase-framework-for-detecting-malicious-kavuri-mhatre/910125e3c2b75cabb8c98a936dc015b3/
ClieND: Client-Side Neuron-Level Detection against Poisoning Attacks on Cross-Silo Federated Learning,"ClieND, a novel client-side detection framework, effectively detects poisoning attacks in federated learning with high detection accuracy and early detection within 5 communication rounds.","Mengyao Ma, Shuofeng Liu, V. Vo, Minghong Fang, Surya Nepal, Guangdong Bai",2026,1,"Poisoning attacks have been shown to pose significant threats to federated learning (FL), including both untargeted and targeted attacks. To mitigate such threats, the majority of existing defenses are implemented on the server side during the aggregation process. However, as data remains inherently local in FL, these defenses either rely on unreliable statistical or structural properties of local updates, or make strong assumptions that rely on dataset information. As a result, the unique advantage of clients having access to trusted local data and training dynamics has been largely overlooked. In this work, we propose ClieND1, a novel client-side detection framework that shifts the detection of poisoning attacks from the server to the client. Specifically, ClieND enables each client to maintain the neuron importance scores of the aggregated global model in each round by leveraging its local dataset. Through tracking the inter-round changes in these scores, each client detects abnormal behavior by identifying significant discrepancy spikes, which serve as indicators of potential poisoning attacks. To evaluate the effectiveness of ClieND, we compare it against three state-of-the-art baselines under both targeted and untargeted poisoning attacks, and also assess its ability to detect attacks at an early stage. Experimental results show that ClieND achieves a false positive rate (FPR) as low as 0.01 and a true positive rate (TPR) of up to 0.99, which significantly outperforms server-side defenses, demonstrating its high detection accuracy. Additionally, the existence of poisoning attacks, even those launched by adaptive settings, can be detected in an early stage within 5 communication rounds.","theoretical, modeling, or simulation study",Proceedings of the ACM Asia Conference on Computer and Communications Security,,10.1145/3779208.3785390,https://consensus.app/papers/cliend-clientside-neuronlevel-detection-against-ma-liu/cc2aa9d5945c5c068831a2963205c6f8/
DeFL: Defending against Model Poisoning Attacks in Federated Learning via Critical Learning Periods Awareness,"DeFL significantly improves federated learning performance by detecting malicious clients and identifying critical learning periods, outperforming conventional defenses.","Gang Yan, Hao Wang, Xu Yuan, Jian Li",2023,50,"Federated learning (FL) is known to be susceptible to model poisoning attacks in which malicious clients hamper the accuracy of the global model by sending manipulated model updates to the central server during the FL training process. Existing defenses mainly focus on Byzantine-robust FL aggregations, and largely ignore the impact of the underlying deep neural network (DNN) that is used to FL training. Inspired by recent findings on critical learning periods (CLP) in DNNs, where small gradient errors have irrecoverable impact on the final model accuracy, we propose a new defense, called a CLP-aware defense against poisoning of FL (DeFL). The key idea of DeFL is to measure fine-grained differences between DNN model updates via an easy-to-compute federated gradient norm vector (FGNV) metric. Using FGNV, DeFL simultaneously detects malicious clients and identifies CLP, which in turn is leveraged to guide the adaptive removal of detected malicious clients from aggregation. As a result, DeFL not only mitigates model poisoning attacks on the global model but also is robust to detection errors. Our extensive experiments on three benchmark datasets demonstrate that DeFL produces significant performance gain over conventional defenses against state-of-the-art model poisoning attacks.","theoretical, modeling, or simulation study",,,10.1609/aaai.v37i9.26271,https://consensus.app/papers/defl-defending-against-model-poisoning-attacks-in-yan-wang/a3ddf249b9235212bead134ee84adcc2/
Gradient purification: defense against data poisoning attack in decentralized federated learning,"Gradient purification defense (GPD) effectively mitigates data poisoning attacks in decentralized federated learning, retaining beneficial components and enhancing overall model accuracy.","Bin Li, Xiaoye Miao, Yan Zhang, Jianwei Yin",2025,3,"Decentralized federated learning (DFL) is inherently vulnerable to data poisoning attacks, as malicious clients can transmit manipulated gradients to neighboring clients. Existing defense methods either reject suspicious gradients per iteration or restart DFL aggregation after excluding all malicious clients. They all neglect the potential benefits that may exist within contributions from malicious clients. In this paper, we propose a novel gradient purification defense, termed GPD, to defend against data poisoning attacks in DFL. It aims to separately mitigate the harm in gradients and retain benefits embedded in model weights, thereby enhancing overall model accuracy. For each benign client in GPD, a recording variable is designed to track historically aggregated gradients from one of its neighbors. It allows benign clients to precisely detect malicious neighbors and mitigate all aggregated malicious gradients at once. Upon mitigation, benign clients optimize model weights using purified gradients. This optimization not only retains previously beneficial components from malicious clients but also exploits canonical contributions from benign clients. We analyze the convergence of GPD, as well as its ability to harvest high accuracy. Extensive experiments demonstrate that, GPD is capable of mitigating data poisoning attacks under both iid and non-iid data distributions. It also significantly outperforms state-of-the-art defense methods in terms of model accuracy.","theoretical, modeling, or simulation study",Frontiers of Computer Science,1,10.1007/s11704-025-50240-3,https://consensus.app/papers/gradient-purification-defense-against-data-poisoning-li-miao/b2744d574db65c19bbebbbc6ab431e1d/
FLARE: Defending Federated Learning Against Model Poisoning Attacks via Latent Space Representations,FLARE effectively defends federated learning against model poisoning attacks by analyzing penultimate layer representations and assigning trust scores to model updates.,"Fengqi Qian, B. Han, Q. Xiao, V. Gopalakrishnan",2022,116,"Federated learning (FL) has been shown vulnerable to a new class of adversarial attacks, known as model poisoning attacks (MPA), where one or more malicious clients try to poison the global model by sending carefully crafted local model updates to the central parameter server. Existing defenses that have been fixated on analyzing model parameters show limited effectiveness in detecting such malicious models. In this work, we propose FLARE, a robust model aggregation mechanism for FL, which is resilient against state-of-the-art MPAs. Instead of solely depending on model parameters, FLARE leverages the penultimate layer representations (PLRs) of the model for characterizing the adversarial influence on each local model update. We further propose a trust evaluation method that estimates a trust score for each model update based on pairwise PLR discrepancies among all model updates. Under the assumption of honest majority, FLARE assigns a low trust score to model updates that are far from the benign cluster. FLARE then aggregates the model updates weighted by their trust scores and finally updates the global model. Extensive experimental results demonstrate the effectiveness of FLARE in defending FL against various MPAs, including semantic backdoor attacks, trojan backdoor attacks, and untargeted attacks, in various FL systems.","theoretical, modeling, or simulation study",IEEE Transactions on Dependable and Secure Computing,1,10.1109/tdsc.2024.3521297,https://consensus.app/papers/flare-defending-federated-learning-against-model-qian-han/b8b3535d1ffc55e4acfe95cc72e603a3/
Sine: Similarity is Not Enough for Mitigating Local Model Poisoning Attacks in Federated Learning,"Sine attack framework in federated learning can increase model poisoning impact by 20-30%, but FLTC defense technique effectively restricts attack impact to 2–4%.","Harsh Kasyap, Somanath Tripathy",2024,34,"Federated learning is a collaborative machine learning paradigm that brings the model to the edge for training over the participants’ local data under the orchestration of a trusted server. Though this paradigm protects data privacy, the aggregator has no control over the local data or model at the edge. So, malicious participants could perturb their locally held data or model to post an insidious update, degrading global model accuracy. Recent Byzantine-robust aggregation rules could defend against data poisoning attacks. Also, model poisoning attacks have become more ingenious and adaptive to the existing defenses. But these attacks are crafted against specific aggregation rules. This work presents a generic model poisoning attack framework named Sine (Similarity is not enough), which harnesses vulnerabilities in cosine similarity to increase the impact of poisoning attacks by 20–30%. Sine makes convergence unachievable by maintaining the persistence of the attack. Further, we propose an effective defense technique called FLTC (FL Trusted Coordinates) to avoid such issues. FLTC selects the trusted coordinates and aggregates them based on the change in their direction and magnitude with respect to a trusted base model update. FLTC could successfully defend against poisoning attacks, including adaptive model poisoning attacks, by restricting the attack impact to 2–4%.","theoretical, modeling, or simulation study",IEEE Transactions on Dependable and Secure Computing,1,10.1109/tdsc.2024.3353317,https://consensus.app/papers/sine-similarity-is-not-enough-for-mitigating-local-model-kasyap-tripathy/67b6fe1e609c55fd8d98dcd75794d6ac/
ShieldFL: Mitigating Model Poisoning Attacks in Privacy-Preserving Federated Learning,"ShieldFL, a privacy-preserving defense strategy using two-trapdoor homomorphic encryption, effectively resists encrypted model poisoning in Privacy-Preserving Federated Learning without compromising privacy.","Zhuo Ma, Jianfeng Ma, Yinbin Miao, Yingjiu Li, R. Deng",2022,293,"Privacy-Preserving Federated Learning (PPFL) is an emerging secure distributed learning paradigm that aggregates user-trained local gradients into a federated model through a cryptographic protocol. Unfortunately, PPFL is vulnerable to model poisoning attacks launched by a Byzantine adversary, who crafts malicious local gradients to harm the accuracy of the federated model. To resist model poisoning attacks, existing defense strategies focus on identifying suspicious local gradients over plaintexts. However, the Byzantine adversary submits encrypted poisonous gradients to circumvent existing defense strategies in PPFL, resulting in encrypted model poisoning. To address the issue, in this paper we design a privacy-preserving defense strategy using two-trapdoor homomorphic encryption (referred to as ShieldFL), which can resist encrypted model poisoning without compromising privacy in PPFL. Specially, we first present the secure cosine similarity method aiming to measure the distance between two encrypted gradients. Then, we propose the Byzantine-tolerance aggregation using cosine similarity, which can achieve robustness for both Independently Identically Distribution (IID) and non-IID data. Extensive evaluations on three benchmark datasets (i.e., MNIST, KDDCup99, and Amazon) show that ShieldFL outperforms existing defense strategies. Especially, ShieldFL can achieve 30%-80% accuracy improvement to defend two state-of-the-art model poisoning attacks in both non-IID and IID settings.","theoretical, modeling, or simulation study",IEEE Transactions on Information Forensics and Security,1,10.1109/tifs.2022.3169918,https://consensus.app/papers/shieldfl-mitigating-model-poisoning-attacks-in-ma-ma/fac4ff388eb155c2a80f263be343f12d/
SecFedNIDS: Robust defense for poisoning attack against federated learning-based network intrusion detection system,"SecFedNIDS, a secure federated learning-based network intrusion detection system, improves accuracy against poisoning attacks by up to 48% on UNSW-NB15 and 36% on CICIDS2018 datasets.","Zhao Zhang, Yong Zhang, Da Guo, Lei Yao",2022,85,,"theoretical, modeling, or simulation study",Future Gener. Comput. Syst.,1,10.1016/j.future.2022.04.010,https://consensus.app/papers/secfednids-robust-defense-for-poisoning-attack-against-zhang-zhang/67d2f76447dd5962ada7210a8f7f21e3/
LoMar: A Local Defense Against Poisoning Attack on Federated Learning,"LoMar is a two-phase defense algorithm for federated learning, providing a privacy-preserving mobile edge computing framework against poisoning attacks from remote clients.","Xingyu Li, Zhe Qu, Shangqing Zhao, Bo Tang, Zhuo Lu, Yao-Hong Liu",2022,153,"Federated learning (FL) provides a high efficient decentralized machine learning framework, where the training data remains distributed at remote clients in a network. Though FL enables a privacy-preserving mobile edge computing framework using IoT devices, recent studies have shown that this approach is susceptible to poisoning attacks from the side of remote clients. To address the poisoning attacks on FL, we provide a <italic>two-phase</italic> defense algorithm called <inline-formula><tex-math notation=""LaTeX"">${\underline{Lo}cal\ \underline{Ma}licious\ Facto\underline{r}}$</tex-math><alternatives><mml:math><mml:mrow><mml:munder><mml:mrow><mml:mi>L</mml:mi><mml:mi>o</mml:mi></mml:mrow><mml:mo>̲</mml:mo></mml:munder><mml:mi>c</mml:mi><mml:mi>a</mml:mi><mml:mi>l</mml:mi><mml:mspace width=""4pt""/><mml:munder><mml:mrow><mml:mi>M</mml:mi><mml:mi>a</mml:mi></mml:mrow><mml:mo>̲</mml:mo></mml:munder><mml:mi>l</mml:mi><mml:mi>i</mml:mi><mml:mi>c</mml:mi><mml:mi>i</mml:mi><mml:mi>o</mml:mi><mml:mi>u</mml:mi><mml:mi>s</mml:mi><mml:mspace width=""4pt""/><mml:mi>F</mml:mi><mml:mi>a</mml:mi><mml:mi>c</mml:mi><mml:mi>t</mml:mi><mml:mi>o</mml:mi><mml:munder><mml:mi>r</mml:mi><mml:mo>̲</mml:mo></mml:munder></mml:mrow></mml:math><inline-graphic xlink:href=""tang-ieq1-3135422.gif""/></alternatives></inline-formula> (LoMar). In phase I, LoMar scores model updates from each remote client by measuring the relative distribution over their neighbors using a kernel density estimation method. In phase II, an optimal threshold is approximated to distinguish malicious and clean updates from a statistical perspective. Comprehensive experiments on four real-world datasets have been conducted, and the experimental results show that our defense strategy can effectively protect the FL system. Specifically, the defense performance on Amazon dataset under a label-flipping attack indicates that, compared with FG+Krum, LoMar increases the target label testing accuracy from <inline-formula><tex-math notation=""LaTeX"">$96.0\%$</tex-math><alternatives><mml:math><mml:mrow><mml:mn>96</mml:mn><mml:mo>.</mml:mo><mml:mn>0</mml:mn><mml:mo>%</mml:mo></mml:mrow></mml:math><inline-graphic xlink:href=""tang-ieq2-3135422.gif""/></alternatives></inline-formula> to <inline-formula><tex-math notation=""LaTeX"">$98.8\%$</tex-math><alternatives><mml:math><mml:mrow><mml:mn>98</mml:mn><mml:mo>.</mml:mo><mml:mn>8</mml:mn><mml:mo>%</mml:mo></mml:mrow></mml:math><inline-graphic xlink:href=""tang-ieq3-3135422.gif""/></alternatives></inline-formula>, and the overall averaged testing accuracy from <inline-formula><tex-math notation=""LaTeX"">$90.1\%$</tex-math><alternatives><mml:math><mml:mrow><mml:mn>90</mml:mn><mml:mo>.</mml:mo><mml:mn>1</mml:mn><mml:mo>%</mml:mo></mml:mrow></mml:math><inline-graphic xlink:href=""tang-ieq4-3135422.gif""/></alternatives></inline-formula> to <inline-formula><tex-math notation=""LaTeX"">$97.0\%$</tex-math><alternatives><mml:math><mml:mrow><mml:mn>97</mml:mn><mml:mo>.</mml:mo><mml:mn>0</mml:mn><mml:mo>%</mml:mo></mml:mrow></mml:math><inline-graphic xlink:href=""tang-ieq5-3135422.gif""/></alternatives></inline-formula>.",other,IEEE Transactions on Dependable and Secure Computing,1,10.1109/tdsc.2021.3135422,https://consensus.app/papers/lomar-a-local-defense-against-poisoning-attack-on-li-qu/e6b716b026b153c593abcb4b59db74b6/
Byzantine robust federated learning for heterogeneous brain MRI using multisignal gradient fingerprinting and adaptive trust aggregation,Our trust-aware federated learning framework for brain MRI uses multi-signal gradient fingerprinting and adaptive trust aggregation to achieve Byzantine robustness against malicious clients and non-IID data heterogeneity.,"Mohammad Karami, Fatemeh Ghassemi, Hamed Kebriaei, H. Azadegan",2025,3,"Federated learning enables collaborative training across institutions without centralizing patient data, but remains vulnerable to malicious clients and severe non-IID data heterogeneity. We propose a trust-aware federated learning framework for brain MRI that combines multi-signal gradient fingerprinting with adaptive aggregation to achieve Byzantine robustness. Each client update is characterized by a six-dimensional fingerprint (variational-autoencoder reconstruction error, cosine similarity to a server reference, peer similarity, gradient norm, sign consistency, and Monte Carlo Shapley contribution). A dual-attention module and a reinforcement-learning controller map these signals into trust weights and integrate with FedBN-P (Federated Batch Normalization with Proximal regularization), an optimizer co-designed for stability under heterogeneous and adversarial conditions. We evaluate on MNIST, CIFAR-10, Alzheimer's MRI, and the OASIS brain-MRI cohort (approximately 87 test samples, used strictly as proof-of-concept) under both standard and strengthened threat models (up to 40% malicious clients). Attack-specific ablation confirms a defense-in-depth design: VAE fingerprinting is the primary noise-attack defense (3.60 pp accuracy drop upon removal), Shapley values safeguard accuracy under scaling (10.16 pp drop), and reinforcement learning improves detection consistency under dynamic attack schedules. Three-seed paired-test validation further shows detection F1 outperforms FLTrust by up to 44 pp on Non-IID Gaussian noise; a white-box adaptive attacker degrades the detector but not model accuracy, confirming the layered design. End-to-end wall-clock overhead is + 8.8% over FedAvg with identical communication volume. The framework achieves F1 above 0.98 for gradient-scaling attacks while preserving accuracy under magnitude-preserving attacks where explicit detection remains limited. Multi-site validation on larger federated cohorts (e.g., ADNI, UK Biobank, FeTS) is required before any clinical-deployment claim can be made.

© 2026. The Author(s).",,Scientific Reports,1,10.1038/s41598-026-55855-5,https://consensus.app/papers/byzantine-robust-federated-learning-for-heterogeneous-karami-ghassemi/b9662ba9ef185de79c304ed99cc741e5/
Zero-Trust Empowered Decentralized Security Defense against Poisoning Attacks in SL-IoT: Joint Distance-Accuracy Detection Approach,"Our zero-trust architecture for swarm learning effectively defends against poisoning attacks, achieving higher accuracy than existing schemes.","Rongxuan Song, Jun Wu, Qianqian Pan, Muhammad Imran, N. Naser, Rebet Jones, Christos V. Verikoukis",2023,7,"Swarm learning (SL) exploits the blockchain to realize a federated and decentralized learning, which is very suitable for internet of things (IoT). Different from FL using central server to update global parameter, SL using edge node (header) to do that. However, poisoning attack is also an unresolved problem to SL. Because if header is malicious, it can pollute global parameter more easily than edge nodes. Moreover, there are following important limitations in existing defense schemes for FL, which cannot be used in SL directly. First, existing defense schemes focus on building a whitelist, which obstructs the decentralization because it can just provide decentralization in honest nodes instead of all of nodes. Second, existing schemes just consider poisoning attacks from edge nodes, they cannot defend attacks from header. Third, most existing schemes will let server execute the defense algorithm, but in SL, malicious header can return wrong defense results to deceive managers. To address above challenges, in this paper, we propose a protection system that leverages the concept of zero-trust architecture for SL, which achieves continuous risk calculation, analysis of learning behavior and abnormal parameter detection based on Manhattan distance and accuracy difference of parameters. We also evaluate the performance in the presence of random and customized malicious edge nodes. Experimental results demonstrate that our scheme can achieve higher accuracy than the other existing schemes.","theoretical, modeling, or simulation study",GLOBECOM 2023 - 2023 IEEE Global Communications Conference,,10.1109/globecom54140.2023.10437789,https://consensus.app/papers/zerotrust-empowered-decentralized-security-defense-song-wu/34b4edfe23c451d8973d0a4382a1fb27/
FLARE: Adaptive Multi-Dimensional Reputation for Robust Client Reliability in Federated Learning,"FLARE, an adaptive reputation-based framework, improves client reliability in federated learning by up to 16% and preserves model convergence within 30% of the non-attacked baseline, while achieving strong malicious-client detection performance with minimal computational overhead.","Abolfazl Younesi, Leon Kiss, Zahra Najafabadi Samani, Juan Aznar Poveda, T. Fahringer",2025,2,"Federated learning (FL) enables collaborative model training while preserving data privacy. However, it remains vulnerable to malicious clients who compromise model integrity through Byzantine attacks, data poisoning, or adaptive adversarial behaviors. Existing defense mechanisms rely on static thresholds and binary classification, failing to adapt to evolving client behaviors in real-world deployments. We propose FLARE, an adaptive reputation-based framework that transforms client reliability assessment from binary decisions to a continuous, multi-dimensional trust evaluation. FLARE integrates: (i) a multi-dimensional reputation score capturing performance consistency, statistical anomaly indicators, and temporal behavior, (ii) a self-calibrating adaptive threshold mechanism that adjusts security strictness based on model convergence and recent attack intensity, (iii) reputation-weighted aggregation with soft exclusion to proportionally limit suspicious contributions rather than eliminating clients outright, and (iv) a Local Differential Privacy (LDP) mechanism enabling reputation scoring on privatized client updates. We further introduce a highly evasive Statistical Mimicry (SM) attack, a benchmark adversary that blends honest gradients with synthetic perturbations and persistent drift to remain undetected by traditional filters. Extensive experiments with 100 clients on MNIST, CIFAR-10, and SVHN demonstrate that FLARE maintains high model accuracy and converges faster than state-of-the-art Byzantine-robust methods under diverse attack types, including label flipping, gradient scaling, adaptive attacks, ALIE, and SM. FLARE improves robustness by up to 16% and preserves model convergence within 30% of the non-attacked baseline, while achieving strong malicious-client detection performance with minimal computational overhead. https://github.com/Anonymous0-0paper/FLARE","theoretical, modeling, or simulation study",ArXiv,,10.48550/arxiv.2511.14715,https://consensus.app/papers/flare-adaptive-multidimensional-reputation-for-robust-younesi-kiss/37bf13eaa6435d33ab5b30342bb695ee/
Backdoor attacks against distributed swarm learning.,"This paper demonstrates the effectiveness of backdoor attacks against swarm learning, highlighting its potential security risk and highlighting defense methods to alleviate these attacks.","Kongyang Chen, Huaiyuan Zhang, Xiangyu Feng, Xiaoting Zhang, Bing Mi, Zhiping Jin",2023,21,,"theoretical, modeling, or simulation study",ISA transactions,1,10.1016/j.isatra.2023.03.034,https://consensus.app/papers/backdoor-attacks-against-distributed-swarm-learning-chen-zhang/e1aa065794075911b5520663fba51565/
Defending Against Poisoning Attacks in Federated Learning With Blockchain,"Our blockchain-based federated learning system effectively detects and deters malicious client-side behaviors, improving data privacy and security in deep learning.","Nanqing Dong, Zhipeng Wang, Jiahao Sun, Michael C. Kampffmeyer, W. Knottenbelt, Eric P. Xing",2023,51,"In the era of deep learning, federated learning (FL) presents a promising approach that allows multiinstitutional data owners, or clients, to collaboratively train machine learning models without compromising data privacy. However, most existing FL approaches rely on a centralized server for global model aggregation, leading to a single point of failure. This makes the system vulnerable to malicious attacks when dealing with dishonest clients. In this work, we address this problem by proposing a secure and reliable FL system based on blockchain and distributed ledger technology. Our system incorporates a peer-to-peer voting mechanism and a reward-and-slash mechanism, which are powered by on-chain smart contracts, to detect and deter malicious behaviors. Both theoretical and empirical analyses are presented to demonstrate the effectiveness of the proposed approach, showing that our framework is robust against malicious client-side behaviors.","theoretical, modeling, or simulation study",IEEE Transactions on Artificial Intelligence,1,10.1109/tai.2024.3376651,https://consensus.app/papers/defending-against-poisoning-attacks-in-federated-dong-wang/8bc6b047f8975e76bbd86ec96eabf773/
GTG-Shapley: Efficient and Accurate Participant Contribution Evaluation in Federated Learning,"GTG-Shapley effectively evaluates participant contributions in Federated Learning while preserving data privacy, significantly increasing computational efficiency compared to existing methods.","Zelei Liu, Yuanyuan Chen, Han Yu, Yang Liu, Li-zhen Cui",2021,209,"Federated Learning (FL) bridges the gap between collaborative machine learning and preserving data privacy. To sustain the long-term operation of an FL ecosystem, it is important to attract high-quality data owners with appropriate incentive schemes. As an important building block of such incentive schemes, it is essential to fairly evaluate participants’ contribution to the performance of the final FL model without exposing their private data. Shapley Value (SV)–based techniques have been widely adopted to provide a fair evaluation of FL participant contributions. However, existing approaches incur significant computation costs, making them difficult to apply in practice. In this article, we propose the Guided Truncation Gradient Shapley (GTG-Shapley) approach to address this challenge. It reconstructs FL models from gradient updates for SV calculation instead of repeatedly training with different combinations of FL participants. In addition, we design a guided Monte Carlo sampling approach combined with within-round and between-round truncation to further reduce the number of model reconstructions and evaluations required. This is accomplished through extensive experiments under diverse realistic data distribution settings. The results demonstrate that GTG-Shapley can closely approximate actual Shapley values while significantly increasing computational efficiency compared with the state-of-the-art, especially under non-i.i.d. settings.","theoretical, modeling, or simulation study",ACM Transactions on Intelligent Systems and Technology (TIST),1,10.1145/3501811,https://consensus.app/papers/gtgshapley-efficient-and-accurate-participant-liu-chen/fe0d5826c0dd5e69a38cd599787781bb/
FairFed: Improving Fairness and Efficiency of Contribution Evaluation in Federated Learning via Cooperative Shapley Value,"FairFed improves fairness and efficiency in federated learning by treating participants as single-stage cooperative games, addressing dynamic participants and reducing computational complexity.","Yiqi Liu, Shan Chang, Ye Liu, Bo Li, Cong Wang",2024,21,"The quality of federated learning (FL) is highly correlated with the number and quality of the participants involved. It is essential to design proper contribution evaluation mechanisms. Shapley Value (SV)-based techniques have been widely used to provide fair contribution evaluation. Existing approaches, however, do not support dynamic participants (e.g., joining and departure) and incur significant computation costs, making them difficult to apply in practice. Worse, participants may be incorrectly valued as negative contribution under the Non-IID data scenarios, further jeopardizing fairness. In this work, we propose FairFed to address the above challenges. First, given that each iteration is of equal importance, FairFed treats FL as Multiple Single-stage Cooperative Games, and evaluates participants by each iteration for effectively coping with dynamic participants and ensuring fairness across iterations. Second, we introduce Cooperative Shapley Value (CSV) to rectify negative values of participants to improving the fairness while preserving true negative values. Third, we prove if participants are Strategically Equivalent, the number of participant combinations can be sharply reduced from exponential to polynomial, thus significantly reducing the computational complexity of CSV. Experimental results show that FairFed achieves up to 25.3 × speedup and reduces deviations by three orders of magnitude to two state-of-the-art approximation approaches.","theoretical, modeling, or simulation study",IEEE INFOCOM 2024 - IEEE Conference on Computer Communications,,10.1109/infocom52122.2024.10621438,https://consensus.app/papers/fairfed-improving-fairness-and-efficiency-of-liu-chang/e58921f630775ad0b11c0bcb2b5e7ad5/
FedDSV: Shapley Value-Based Contribution Estimation in Federated Learning With Dynamic Participation,,"Kai Lei, Xuebin Ren, Shusen Yang, Xiaocheng Wang, Fangyuan Zhao",2025,9,"Federated Learning (FL) succeeds in collaborative and privacy-preserving ML model training among multiple distributed data owners. To maintain a healthy FL ecosystem, it is crucial to estimate the contributions of all participants fairly. Due to provable fairness, Shapley value (SV) is widely used for contribution estimation in FL. However, current studies focus on static scenarios with fixed participants and neglect the dynamic settings with the random joining or leaving of participants in practice. This paper fills the gap by proposing FedDSV, a novel contribution estimation framework for FL with dynamic participation. FedDSV supports flexible weighting mechanisms and is compatible with the SV fairness properties in dynamic scenarios. To reduce the computational complexity, we propose a Monte Carlo variant sampling method (SMC), which can adapt well to dynamic scenarios and approximate the true SVs. To evaluate the effectiveness and efficiency of our proposed approaches, extensive experiments under different settings (e.g., frequency switching, low-quality detection, etc.) are conducted on both i.i.d and non-i.i.d. distributions. Experimental results demonstrate that FedDSV can reflect the real utility contribution of data sources for dynamic FL, and SMC can approximate the exact dynamic SVs with larger similarities in a much shorter time than the state-of-the-art methods.",,IEEE Transactions on Mobile Computing,1,10.1109/tmc.2025.3574784,https://consensus.app/papers/feddsv-shapley-valuebased-contribution-estimation-in-lei-ren/5c401363b2e753e48437b0935af8ca43/
Demystifying Swarm Learning: A New Paradigm of Blockchain-based Decentralized Federated Learning,"Swarm Learning (SL) is a secure, decentralized federated learning paradigm suitable for most application scenarios, regardless of dataset balance, pollution, or bias.","Jialiang Han, Y. Ma, Yudong Han, Ying Zhang, Gang Huang",2022,20,"Federated learning (FL) is an emerging promising privacy-preserving machine learning paradigm and has raised more and more attention from researchers and developers. FL keeps users' private data on devices and exchanges the gradients of local models to cooperatively train a shared Deep Learning (DL) model on central custodians. However, the security and fault tolerance of FL have been increasingly discussed, because its central custodian mechanism or star-shaped architecture can be vulnerable to malicious attacks or software failures. To address these problems, Swarm Learning (SL) introduces a permissioned blockchain to securely onboard members and dynamically elect the leader, which allows performing DL in an extremely decentralized manner. Compared with tremendous attention to SL, there are few empirical studies on SL or blockchain-based decentralized FL, which provide comprehensive knowledge of best practices and precautions of deploying SL in real-world scenarios. Therefore, we conduct the first comprehensive study of SL to date, to fill the knowledge gap between SL deployment and developers, as far as we are concerned. In this paper, we conduct various experiments on 3 public datasets of 5 research questions, present interesting findings, quantitatively analyze the reasons behind these findings, and provide developers and researchers with practical suggestions. The findings have evidenced that SL is supposed to be suitable for most application scenarios, no matter whether the dataset is balanced, polluted, or biased over irrelevant features.",other,ArXiv,,10.48550/arxiv.2201.05286,https://consensus.app/papers/demystifying-swarm-learning-a-new-paradigm-of-han-ma/54ce5dc4ce195199905df4d8cb78080d/
A Reputation-Aware Adaptive Incentive Mechanism for Federated Learning-Based Smart Transportation,The reputation-aware federated learning framework improves model accuracy and robustness in smart city transportation systems by evaluating client reputation and detecting malicious clients.,"Abir Raza, E. Badidi, Omar El Harrouss",2026,3,"Federated learning (FL) has emerged as a promising paradigm for privacy-preserving distributed intelligence in modern urban transportation systems, where vehicles collaboratively train global models without sharing raw data. However, the dynamic nature of vehicular environments introduces critical challenges, including unstable participation, data heterogeneity, and the potential for malicious behavior. Conventional FL frameworks lack effective trust management and adaptive incentive mechanisms capable of maintaining fairness and reliability under these fluctuating conditions. This paper presents a reputation-aware federated learning framework that integrates multi-dimensional reputation evaluation, dynamic incentive control, and malicious client detection through an adaptive feedback mechanism. Each vehicular client is assessed based on data quality, stability, and behavioral consistency, producing a reputation score that directly influences client selection and reward allocation. The proposed feedback controller self-tunes the incentive weights in real time, ensuring equitable participation and sustained convergence performance. In parallel, a penalty module leverages statistical anomaly detection to identify, isolate, and penalize untrustworthy clients without compromising benign contributors. Extensive simulations conducted on real-world datasets demonstrate that the proposed framework achieves higher model accuracy and greater robustness against poisoning and gradient manipulation attacks compared to existing baseline methods. The results confirm the potential of our trust-regulated incentive mechanism to enable reliable federated learning in smart cities transportation systems.","theoretical, modeling, or simulation study",Smart Cities,1,10.3390/smartcities9020027,https://consensus.app/papers/a-reputationaware-adaptive-incentive-mechanism-for-raza-badidi/17984ca2eee5551ab1b730c7f0206967/
Robust aggregation algorithms for federated learning in unreliable network environments,"Robust aggregation algorithms, such as RFA and FedRoLA, improve federated learning accuracy and convergence speed in unreliable networks, with up to 12 percent improvement in test accuracy with 30% simulated packet loss.","Ziyang Zeng, Shiyu Yang, Guanyu Ding",2025,6,"Federated learning (FL) allows joint model training on distributed devices without losing data locality, but its results are significantly worse in unreliable network systems where packets are dropped, clients fail, resources are heterogeneous, and adversarial (Byzantine) agents exist. The viability of FL to withstand these unfavorable conditions is keyed on the robust aggregation algorithms. The paper meticulously examines powerful methods of aggregation, which include: geometric-median methods (RFA), Krum/Multi-Krum, trimmed-mean/coordinate-wise defenses, g-divergence estimators, trust-based aggregators (FLTrust), and layer-wise aggregation methods (FedRoLA) and compares their performance on simulated unreliable networks, which model packet loss, communication delay, and malicious client actions (McMahan et al., 2017; Blanchard et al., 2017; P We examine accuracy, convergence speed, communication cost and resilience in the face of model-poisoning attacks with the help of benchmark image tasks and a set of network unreliability scenarios. We find that robust aggregators combining statistical outlier resistance and structural (layer-wise) aggregation or trust calibration (especially RFA and FedRoLA) are more accurate and converge more quickly than naive FedAvg in high packet-loss and moderate Byzantine contamination and we observe up to 12 percent improvement in test accuracy with 30 percent simulated packet loss. We also talk about the trade offs between robustness, communication overhead and privacy (secure aggregation) and present a hybrid design pattern that incorporates robust aggregation and adaptive client selection with secure aggregation so as to address both unreliable links as well as adversarial updates. The results provide prescriptive advice on the use of FL in mobile, IoT, and vehicular networks that have limited reliability and security requirements and provide future directions such as privacy-conscious robust aggregation, fairness-conscious weighting, and testbed implementation.","theoretical, modeling, or simulation study",Journal of Computing and Electronic Information Management,,10.54097/n0dpaf43,https://consensus.app/papers/robust-aggregation-algorithms-for-federated-learning-in-zeng-yang/28ae449febae52859a790302e5de5400/
CONTRA: Defending Against Poisoning Attacks in Federated Learning,CONTRA significantly reduces attack success rate in federated learning systems by 70% and global model performance degradation by 50% compared to state-of-the-art defenses.,"S. Awan, Bo Luo, Fengjun Li",2021,173,"Federated learning (FL) is an emerging machine learning paradigm. With FL, distributed data owners aggregate their model updates to train a shared deep neural network collaboratively, while keeping the training data locally. However, FL has little control over the local data and the training process. Therefore, it is susceptible to poisoning attacks, in which malicious or compromised clients use malicious training data or local updates as the attack vector to poison the trained global model. Moreover, the performance of existing detection and defense mechanisms drops significantly in a scaled-up FL system with non-iid data distributions. In this paper, we propose a defense scheme named CONTRA to defend against poisoning attacks, e.g., label-flipping and backdoor attacks, in FL systems. CONTRA implements a cosinesimilarity-based measure to determine the credibility of local model parameters in each round and a reputation scheme to dynamically promote or penalize individual clients based on their per-round and historical contributions to the global model. With extensive experiments, we show that CONTRA significantly reduces the attack success rate while achieving high accuracy with the global model. Compared with a state-of-the-art (SOTA) defense, CONTRA reduces the attack success rate by 70% and reduces the global model performance degradation by 50%.","theoretical, modeling, or simulation study",,,10.1007/978-3-030-88418-5_22,https://consensus.app/papers/contra-defending-against-poisoning-attacks-in-federated-awan-luo/68793cb1e7345096bddeb2751697d802/
FedSV: Byzantine-Robust Federated Learning via Shapley Value,"FedSV, a defense against malicious clients in Federated Learning, effectively measures user contribution and identifies them more robustly, improving machine learning accuracy.","Khaoula Otmani, Rachid El-Azouzi, Vincent Labatut",2024,15,"In Federated Learning (FL), several clients jointly learn a machine learning model: each client maintains a local model for its local learning dataset, while a master server maintains a global model by aggregating the local models of the client devices. However, the repetitive communication between server and clients leaves room for attacks aimed at compromising the integrity of the global model, causing errors in its targeted predictions. In response to such threats on FL, various defense measures have been proposed in the literature [1]. In this paper, we present a powerful defense against malicious clients in FL, called FedSV, using the Shapley Value (SV), which has been proposed recently to measure user conribution in FL by computing the marginal increase of average accuracy of the model due to the addition of local data of a user. Our approach makes the identification of malicious clients more robust, since during the learning phase, it estimates the conribution of each client according to the different groups to which the target client belongs. FedSV's effectiveness is demonstrated by extensive experiments on MNIST datasets in a cross-silo context under various attacks.","theoretical, modeling, or simulation study",ICC 2024 - IEEE International Conference on Communications,,10.1109/icc51166.2024.10622175,https://consensus.app/papers/fedsv-byzantinerobust-federated-learning-via-shapley-otmani-el-azouzi/9f16d1c63b2b570c89adf09a1c981952/
Private and Robust Contribution Evaluation in Federated Learning,"Our Fair-Private and Everybody-Else contribution scores, compatible with secure aggregation, improve fairness, privacy, robustness, and practical utility in cross-silo federated learning.","D. Vélez, G. Biczók, A. G. I. Amat, J. Ostman, Balázs Pejó",2026,0,"Cross-silo federated learning allows multiple organizations to collaboratively train machine learning models without sharing raw data, but client updates can still leak sensitive information through inference attacks. Secure aggregation protects privacy by hiding individual updates, yet it complicates contribution evaluation, which is critical for fair rewards and detecting low-quality or malicious participants. Existing marginal-contribution methods, such as the Shapley value, are incompatible with secure aggregation, and practical alternatives, such as Leave-One-Out, are crude and rely on self-evaluation. We introduce two marginal-difference contribution scores compatible with secure aggregation. Fair-Private satisfies standard fairness axioms, while Everybody-Else eliminates self-evaluation and provides resistance to manipulation, addressing a largely overlooked vulnerability. We provide theoretical guarantees for fairness, privacy, robustness, and computational efficiency, and evaluate our methods on multiple medical image datasets and CIFAR10 in cross-silo settings. Our scores consistently outperform existing baselines, better approximate Shapley-induced client rankings, and improve downstream model performance as well as misbehavior detection. These results demonstrate that fairness, privacy, robustness, and practical utility can be achieved jointly in federated contribution evaluation, offering a principled solution for real-world cross-silo deployments.","theoretical, modeling, or simulation study",ArXiv,,10.48550/arxiv.2602.21721,https://consensus.app/papers/private-and-robust-contribution-evaluation-in-federated-v%C3%A9lez-bicz%C3%B3k/7a7f182935805390b90f867fc527d03c/
Efficient Client Contribution Evaluation for Horizontal Federated Learning,The proposed efficient method for evaluating federated participants' contributions in federated learning outperforms the conventional leave-one-out method in terms of valuation authenticity and time complexity.,"Xinghua Zhu, Jianzong Wang, Jing Xiao",2021,47,"In federated learning (FL), fair and accurate measurement of the contribution of each federated participant is of great significance. The level of contribution not only provides a rational metric for distributing financial benefits among federated participants, but also helps to discover malicious participants that try to poison the FL framework. Previous methods for contribution measurement were based on enumeration over possible combination of federated participants. Their computation costs increase drastically with the number of participants or feature dimensions, making them inapplicable in practical situations. In this paper an efficient method is proposed to evaluate the contributions of federated participants. This paper focuses on the horizontal FL framework, where client servers calculate parameter gradients over their local data, and upload the gradients to the central server. Before aggregating the client gradients, the central server train a data value estimator of the gradients using reinforcement learning techniques. As shown by experimental results, the proposed method consistently outperforms the conventional leave-one-out method in terms of valuation authenticity as well as time complexity.","theoretical, modeling, or simulation study","ICASSP 2021 - 2021 IEEE International Conference on Acoustics, Speech and Signal Processing (ICASSP)",,10.1109/icassp39728.2021.9413377,https://consensus.app/papers/efficient-client-contribution-evaluation-for-horizontal-zhu-wang/a81b3bbd62da5b23a3e084c94730b24d/
Detection of Poisoning Attacks in Federated Learning with Non-IID data,"RBF is an effective and efficient defense against poisoning attacks in federated learning systems, outperforming existing kernel-based defenses like KPCA and LoMar.","D. Bhatt, Le Gruenwald",2025,1,"Federated Learning (FL) is a decentralized approach to training machine learning models while preserving the privacy of training data. In FL, the training data remains on local clients, and only model updates are shared with a central server to collaboratively learn a global model. However, this decentralized nature makes FL vulnerable to poisoning attacks, where malicious clients can compromise the integrity of the model by submitting manipulated updates. To defend against such attacks, we propose a new defense algorithm called RBF, based on Radial Basis Functions. The RBF defense algorithm constructs a similarity matrix between client model updates and then analyzes this matrix to detect anomalous patterns that may indicate malicious behavior. Identified malicious clients are excluded from the aggregation process to enhance the robustness and prediction accuracy of the global model. We evaluate RBF on three real-world datasets using four different learning models. Its performance is compared against two existing kernel-based defense algorithms: KPCA with KMeans (Kernel Principal Component Analysis with clustering) and LoMar (Local Malicious Factor using Kernel Density Estimation). Experimental results demonstrate that RBF outperforms both baselines across standard evaluation metrics, including Precision, Recall, F1-Score, Attack Success Rate, and Global Prediction Accuracy. Additionally, RBF achieves the lowest execution time with two models and comparable performance with the other two models. Further experiments varying the number of clients, the proportion of malicious participants, and data heterogeneity (IID vs Non-IID) show that RBF maintains stable and competitive performance under diverse conditions. These findings establish RBF as an effective and efficient defense against poisoning attacks in federated learning systems.","theoretical, modeling, or simulation study","2025 International Conference on Computer, Information and Telecommunication Systems (CITS)",,10.1109/cits65975.2025.11099252,https://consensus.app/papers/detection-of-poisoning-attacks-in-federated-learning-with-bhatt-gruenwald/f9a0ff1c5a4a523c9bf496579e93ceaa/
Median-Krum: A Joint Distance-Statistical Based Byzantine-Robust Algorithm in Federated Learning,"The Median-Krum algorithm provides robustness against Byzantine failures in Federated Learning, improving accuracy and convergence rounds compared to FedAvg, Krum, Multi-Krum, and FedMedian approaches.",Francesco Colosimo,2023,45,"The wide spread of Artificial Intelligence-based services in recent years has encouraged research into new Machine Learning paradigms. Federated Learning (FL) represents a new distributed approach capable of achieving higher privacy and security guarantees than other methodologies since it allows multiple users to collaboratively train a global model without sharing their local training data. In this paper, an analysis of the characteristics of Federated Learning is therefore carried out, with a particular focus on security aspects. In detail, currently known vulnerabilities and their respective countermeasures are investigated, focusing on aggregation algorithms that provide robustness against Byzantine failures. Following this direction, Median-Krum is proposed as a new aggregation algorithm whose validity is observed on a set of simulations that recreate realistic scenarios, in the absence and presence of Byzantine adversaries. It combines the Distance-based Krum approach with the Statistical strategy of median based aggregation algorithm. Achieved results demonstrate the functionality of the proposed solutions in terms of accuracy and convergence rounds in comparison with FedAvg, Krum, Multi-Krum and FedMedian FL approaches under a correct and incorrect estimation of the attackers number.","theoretical, modeling, or simulation study",Proceedings of the Int'l ACM Symposium on Mobility Management and Wireless Access,,10.1145/3616390.3618283,https://consensus.app/papers/mediankrum-a-joint-distancestatistical-based-colosimo/95bcc6d04a2d5114ab32f8ffa1315ac0/
Data Poisoning Detection in Federated Learning,"A detection algorithm using SHAP values and SVMs can effectively differentiate malicious from honest clients in Federated Learning, improving model performance.","D. Khuu, Michael Sober, Dominik Kaaser, Mathias Fischer, Stefan Schulte",2024,17,"Federated Learning (FL) is an emerging machine learning paradigm in which multiple clients collaboratively train a model without exposing their local datasets. Under this paradigm, numerous clients share the responsibility of model training instead of having a centralized server. However, this enables clients of an FL system to send malicious model updates. An adversary could, e.g., train the local model with incorrect data to insert an adversary-defined objective into the model or cause a severe drop in accuracy. We show that it is possible for a small number of adversaries to considerably reduce the model performance after only one round of FL. Using Shapley Additive Explanation (SHAP) values as indicators, we propose a detection algorithm that pairs SHAP values and Support Vector Machines (SVMs) to derive classifiers that can effectively differentiate malicious from honest clients.","theoretical, modeling, or simulation study",Proceedings of the 39th ACM/SIGAPP Symposium on Applied Computing,,10.1145/3605098.3635896,https://consensus.app/papers/data-poisoning-detection-in-federated-learning-khuu-sober/d99431942e3f5d7ea73b301f466916ad/
Privacy-Preserving Federated Learning Scheme With Mitigating Model Poisoning Attacks: Vulnerabilities and Countermeasures,"Our enhanced privacy-preserving and Byzantine-robust federated learning (PBFL) framework effectively achieves privacy, robustness, and efficiency while addressing model poisoning attacks from malicious users.","Jiahui Wu, Fucai Luo, Tiecheng Sun, Haiyan Wang, Weizhe Zhang",2025,4,"The privacy-preserving federated learning schemes based on the setting of two honest-but-curious and non-colluding servers offer promising solutions in terms of security and efficiency. However, our investigation reveals that these schemes still suffer from privacy leakage when considering model poisoning attacks from malicious users. Specifically, we demonstrate that the privacy-preserving computation process for defending against model poisoning attacks inadvertently leaks privacy to one of the honest-but-curious servers, enabling it to access users’ gradients in plaintext. To address this issue, we propose an enhanced privacy-preserving and Byzantine-robust federated learning (PBFL) framework that simultaneously achieves privacy, robustness, and efficiency. Central to our design is a novel Byzantine-tolerant aggregation strategy that defends against both conventional and adaptive poisoning attacks. It integrates normalization judgment, cosine similarity computation, and adaptive user weighting, with a dual-scoring trust mechanism and outlier suppression for stealthy attacks. In addition, we develop two privacy-preserving subroutines, namely secure normalization judgment and secure cosine similarity measurement, which operate over encrypted gradients using a trapdoor fully homomorphic encryption (FHE) scheme, ensuring both confidentiality and robust aggregation correctness. Theoretical analyses confirm that our scheme guarantees security, convergence, and efficiency even with malicious users and one malicious server. Extensive experiments demonstrate that our method effectively breaks prior privacy attacks, maintains high accuracy under diverse poisoning strategies, and significantly reduces computation and communication overhead compared to state-of-the-art PBFL schemes.","theoretical, modeling, or simulation study",IEEE Transactions on Dependable and Secure Computing,1,10.1109/tdsc.2025.3617070,https://consensus.app/papers/privacypreserving-federated-learning-scheme-with-wu-luo/96f859d31519583881e1f50d741439d3/
FedSSV: Client Contribution for Secure Federated Learning Aggregation Using Scaled Shapley Values,"FedSSV enhances the security and performance of Federated Learning by assessing each client's impact on the global model, reducing the influence of malicious clients and maintaining stable prediction accuracy in sensitive domains.","S. Sani, Rukayat Olapojoye, Tara Salman, Tianxi Ji, Marcio Andrey Teixeira",2026,0,"Federated Learning (FL) enables collaborative training on data distributed across multiple clients without sharing raw data, thus preserving privacy in sensitive applications such as healthcare. Due to its multi-agent setting, FL can be vulnerable to adversarial attacks in which malicious clients send corrupted models to manipulate the global model, leading to degraded performance and compromised outcomes in safety-critical domains such as healthcare. A robust aggregation framework that evaluates and weights client updates is necessary to mitigate such attacks. In this work, we propose FedSSV, a robust aggregation framework that enhances the security and performance of FL settings by leveraging Shapley values, a game-theoretical approach, to assess each client’s impact on the global model. FedSSV dynamically scales client updates based on their evaluated contributions, reducing the influence of malicious or adversarial clients. Extensive experimental results validate FedSSV’s effectiveness in mitigating diverse poisoning attack types (e.g., scaling, Gaussian, and sign flipping attacks) across various applications. Experimental results show that FedSSV maintains stable prediction accuracy under both IID and non-IID data settings. For example, it achieves 90% accuracy on Fashion MNIST (FMNIST) and 65% on CIFAR-10 under scaling attacks with 20% malicious clients, while baseline methods experience significant drops.","theoretical, modeling, or simulation study",IEEE Transactions on Network Science and Engineering,1,10.1109/tnse.2026.3674950,https://consensus.app/papers/fedssv-client-contribution-for-secure-federated-learning-sani-olapojoye/0a399f0a10d3592bb6c2407e0cb814af/
FedOPCS: An Optimized Poisoning Countermeasure for Non-IID Federated Learning with Privacy-Preserving Stability,"FedOPCS is an optimized poisoning countermeasure for non-IID federated learning algorithms, providing privacy-preserving stability and robustness against Byzantine node attacks while maintaining communication efficiency.","Fenhua Bai, Yinqi Zhao, Tao Shen, Kai Zeng, Xiaohui Zhang, Chi Zhang",2025,5,"Federated learning (FL), as a distributed machine learning framework, enables multiple participants to jointly train models without sharing data, thereby ensuring data privacy and security. However, FL systems still struggle to escape the typical poisoning threat launched by Byzantine nodes. The current defence measures almost all rely on the anomaly detection of local gradients in a plaintext state, which not only weakens privacy protection but also allows malicious clients to upload malicious ciphertext gradients once they are encrypted, which thus easily evade existing screenings. At the same time, mainstream aggregation algorithms are generally based on the premise that “each client’s data satisfy an independent and identically distributed (IID)”, which is obviously difficult to achieve in real scenarios where large-scale terminal devices hold their own data. Symmetry in data distribution and model updates across clients is crucial for achieving robust and fair aggregation, yet non-IID data and adversarial attacks disrupt this balance. To address these challenges, we propose FedOPCS, an optimized poisoning countermeasure for non-IID FL algorithms with privacy-preserving stability by introducing three key innovations: Conditional Generative Adversarial Network (CGAN)-based data augmentation with conditional variables to simulate global distribution, a dynamic weight adjustment mechanism with homomorphic encryption, and two-stage anomaly detection combining gradient analysis and model performance evaluation. Extensive experiments on MNIST and CIFAR-10 show that, in the model poisoning and mixed poisoning environments, FedOPCS outperforms the baseline methods by 11.4% and 4.7%, respectively, while maintaining the same efficiency as FedAvg. FedOPCS therefore offers a privacy-preserving, Byzantine-robust, and communication-efficient solution for future heterogeneous FL deployments.","theoretical, modeling, or simulation study",Symmetry,2,10.3390/sym17050782,https://consensus.app/papers/fedopcs-an-optimized-poisoning-countermeasure-for-noniid-bai-zhao/a5bbfdabe1a15f87b94e528c841a7170/
FedChallenger: A Robust Challenge-Response and Aggregation Strategy to Defend Poisoning Attacks in Federated Learning,,"M. A. Moyeen, Kuljeet Kaur, Anjali Agarwal, S. Manzano, Marzia Zaman, N. Goel",2025,3,"Growing data privacy concerns in smart applications have spurred the development of Federated Learning (FL), a novel approach enabling heterogeneous clients to jointly train a global model without exchanging private data. However, FL faces significant challenges in aggregating model updates from different client devices, as malicious participants can poison the data and model updates to corrupt the global model. To enhance the global model’s accuracy, many state-of-the-art defence strategies in FL rely on aggregation-based security mechanisms. However, the global model can be more accurate if an attacker is excluded from the training. Therefore, this research proposes a dual-layer defence mechanism called FedChallenger to detect and prevent malicious client participation in the FL training process. The defence mechanism incorporates zero-trust challenge-response-based trusted exchange in the first layer, whereas, in the second layer, it uses a variant of the Trimmed-Mean aggregation strategy that uses pairwise cosine similarity along with Median Absolute Deviation (MAD) for aggregation to mitigate the malicious model parameters.Extensive evaluation using MNIST, FMNIST, EMNIST, and CIFAR-10 datasets demonstrates that the proposed FedChallenger outperforms state-of-the-art approaches, including Stake, Shap, Cluster, Trimmed-Mean, Krum, FedAvg, and DUEL, across both attack and non-attack scenarios. Under adversarial conditions with model and data poisoning attacks, FedChallenger achieves a 3-10% improvement in global model accuracy over the closest contender, along with 1.1-2.2 times faster convergence. Additionally, it attains a 2-3% higher F1-Score than the best-competing technique while maintaining robustness against varying attack intensities across different dataset complexities.",,IEEE Access,1,10.1109/access.2025.3592207,https://consensus.app/papers/fedchallenger-a-robust-challengeresponse-and-moyeen-kaur/2f354f22948051ab91b65181605c5be3/
Manipulating the Byzantine: Optimizing Model Poisoning Attacks and Defenses for Federated Learning,"Our model poisoning attacks on federated learning significantly outperform state-of-the-art attacks, reducing model accuracy by 1.5 to 60 %, and our divide-and-conquer defense is 2-5x more resilient than existing Byzantine-robust algorithms.","Virat Shejwalkar, Amir Houmansadr",2021,722,"—Federated learning (FL) enables many data owners (e.g., mobile devices) to train a joint ML model (e.g., a next-word prediction classiﬁer) without the need of sharing their private training data. However, FL is known to be susceptible to poisoning attacks by malicious participants (e.g., adversary-owned mobile devices) who aim at hampering the accuracy of the jointly trained model through sending malicious inputs during the federated training process. In this paper, we present a generic framework for model poisoning attacks on FL. We show that our framework leads to poisoning attacks that substantially outperform state-of-the-art model poisoning attacks by large margins. For instance, our attacks result in 1 . 5 × to 60 × higher reductions in the accuracy of FL models compared to previously discovered poisoning attacks. Our work demonstrates that existing Byzantine-robust FL algorithms are signiﬁcantly more susceptible to model poisoning than previously thought. Motivated by this, we design a defense against FL poisoning, called divide-and-conquer (DnC). We demonstrate that DnC outperforms all existing Byzantine-robust FL algorithms in defeating model poisoning attacks, speciﬁcally, it is 2 . 5 × to 12 × more resilient in our experiments with different datasets and models.","theoretical, modeling, or simulation study",Proceedings 2021 Network and Distributed System Security Symposium,,10.14722/ndss.2021.24498,https://consensus.app/papers/manipulating-the-byzantine-optimizing-model-poisoning-shejwalkar-houmansadr/afa0831e5d285133bc3d0397cda641f7/
